split,season,format,slot,seed,arm,realistic_points,points_above_adp
planner_selection,2015,standard,1,0,legal_adp,1388.22,0.0
planner_selection,2015,standard,1,0,point_in_time_planner,1359.52,-28.7
planner_selection,2015,standard,1,0,hindsight_marginal_oracle,1950.48,562.26
planner_selection,2015,standard,1,1,legal_adp,1317.02,0.0
planner_selection,2015,standard,1,1,point_in_time_planner,1371.34,54.32
planner_selection,2015,standard,1,1,hindsight_marginal_oracle,1950.48,633.46
planner_selection,2015,standard,1,2,legal_adp,1394.84,0.0
planner_selection,2015,standard,1,2,point_in_time_planner,1278.44,-116.4
planner_selection,2015,standard,1,2,hindsight_marginal_oracle,1931.18,536.34
planner_selection,2015,standard,1,3,legal_adp,1374.52,0.0
planner_selection,2015,standard,1,3,point_in_time_planner,1303.34,-71.18
planner_selection,2015,standard,1,3,hindsight_marginal_oracle,1950.48,575.96
planner_selection,2015,standard,1,4,legal_adp,1187.44,0.0
planner_selection,2015,standard,1,4,point_in_time_planner,1240.64,53.2
planner_selection,2015,standard,1,4,hindsight_marginal_oracle,1950.48,763.04
planner_selection,2015,standard,6,0,legal_adp,1182.74,0.0
planner_selection,2015,standard,6,0,point_in_time_planner,1318.34,135.6
planner_selection,2015,standard,6,0,hindsight_marginal_oracle,1950.48,767.74
planner_selection,2015,standard,6,1,legal_adp,1424.4,0.0
planner_selection,2015,standard,6,1,point_in_time_planner,1349.1,-75.3
planner_selection,2015,standard,6,1,hindsight_marginal_oracle,1925.48,501.08
planner_selection,2015,standard,6,2,legal_adp,1187.56,0.0
planner_selection,2015,standard,6,2,point_in_time_planner,1187.56,0.0
planner_selection,2015,standard,6,2,hindsight_marginal_oracle,1936.38,748.82
planner_selection,2015,standard,6,3,legal_adp,1331.84,0.0
planner_selection,2015,standard,6,3,point_in_time_planner,1331.84,0.0
planner_selection,2015,standard,6,3,hindsight_marginal_oracle,1939.58,607.74
planner_selection,2015,standard,6,4,legal_adp,1184.82,0.0
planner_selection,2015,standard,6,4,point_in_time_planner,1273.54,88.72
planner_selection,2015,standard,6,4,hindsight_marginal_oracle,1936.38,751.56
planner_selection,2015,standard,12,0,legal_adp,1098.52,0.0
planner_selection,2015,standard,12,0,point_in_time_planner,1008.46,-90.06
planner_selection,2015,standard,12,0,hindsight_marginal_oracle,1918.08,819.56
planner_selection,2015,standard,12,1,legal_adp,1317.12,0.0
planner_selection,2015,standard,12,1,point_in_time_planner,1317.12,0.0
planner_selection,2015,standard,12,1,hindsight_marginal_oracle,1939.58,622.46
planner_selection,2015,standard,12,2,legal_adp,1289.68,0.0
planner_selection,2015,standard,12,2,point_in_time_planner,1289.68,0.0
planner_selection,2015,standard,12,2,hindsight_marginal_oracle,1918.08,628.4
planner_selection,2015,standard,12,3,legal_adp,1297.26,0.0
planner_selection,2015,standard,12,3,point_in_time_planner,1297.26,0.0
planner_selection,2015,standard,12,3,hindsight_marginal_oracle,1955.48,658.22
planner_selection,2015,standard,12,4,legal_adp,1311.92,0.0
planner_selection,2015,standard,12,4,point_in_time_planner,1348.5,36.58
planner_selection,2015,standard,12,4,hindsight_marginal_oracle,1918.08,606.16
planner_selection,2015,ppr,1,0,legal_adp,1429.82,0.0
planner_selection,2015,ppr,1,0,point_in_time_planner,1727.02,297.2
planner_selection,2015,ppr,1,0,hindsight_marginal_oracle,2706.98,1277.16
planner_selection,2015,ppr,1,1,legal_adp,1732.76,0.0
planner_selection,2015,ppr,1,1,point_in_time_planner,1744.82,12.06
planner_selection,2015,ppr,1,1,hindsight_marginal_oracle,2682.28,949.52
planner_selection,2015,ppr,1,2,legal_adp,1838.74,0.0
planner_selection,2015,ppr,1,2,point_in_time_planner,1839.24,0.5
planner_selection,2015,ppr,1,2,hindsight_marginal_oracle,2706.98,868.24
planner_selection,2015,ppr,1,3,legal_adp,1542.24,0.0
planner_selection,2015,ppr,1,3,point_in_time_planner,1913.84,371.6
planner_selection,2015,ppr,1,3,hindsight_marginal_oracle,2682.28,1140.04
planner_selection,2015,ppr,1,4,legal_adp,1834.68,0.0
planner_selection,2015,ppr,1,4,point_in_time_planner,1972.78,138.1
planner_selection,2015,ppr,1,4,hindsight_marginal_oracle,2682.28,847.6
planner_selection,2015,ppr,6,0,legal_adp,1893.74,0.0
planner_selection,2015,ppr,6,0,point_in_time_planner,1986.54,92.8
planner_selection,2015,ppr,6,0,hindsight_marginal_oracle,2706.98,813.24
planner_selection,2015,ppr,6,1,legal_adp,2338.72,0.0
planner_selection,2015,ppr,6,1,point_in_time_planner,2471.84,133.12
planner_selection,2015,ppr,6,1,hindsight_marginal_oracle,2706.98,368.26
planner_selection,2015,ppr,6,2,legal_adp,1809.06,0.0
planner_selection,2015,ppr,6,2,point_in_time_planner,1898.98,89.92
planner_selection,2015,ppr,6,2,hindsight_marginal_oracle,2706.98,897.92
planner_selection,2015,ppr,6,3,legal_adp,1763.54,0.0
planner_selection,2015,ppr,6,3,point_in_time_planner,1763.54,0.0
planner_selection,2015,ppr,6,3,hindsight_marginal_oracle,2655.68,892.14
planner_selection,2015,ppr,6,4,legal_adp,1792.84,0.0
planner_selection,2015,ppr,6,4,point_in_time_planner,1796.94,4.1
planner_selection,2015,ppr,6,4,hindsight_marginal_oracle,2706.98,914.14
planner_selection,2015,ppr,12,0,legal_adp,1492.96,0.0
planner_selection,2015,ppr,12,0,point_in_time_planner,1492.96,0.0
planner_selection,2015,ppr,12,0,hindsight_marginal_oracle,2628.58,1135.62
planner_selection,2015,ppr,12,1,legal_adp,1703.24,0.0
planner_selection,2015,ppr,12,1,point_in_time_planner,1703.24,0.0
planner_selection,2015,ppr,12,1,hindsight_marginal_oracle,2628.58,925.34
planner_selection,2015,ppr,12,2,legal_adp,1539.8,0.0
planner_selection,2015,ppr,12,2,point_in_time_planner,1693.48,153.68
planner_selection,2015,ppr,12,2,hindsight_marginal_oracle,2628.58,1088.78
planner_selection,2015,ppr,12,3,legal_adp,1516.76,0.0
planner_selection,2015,ppr,12,3,point_in_time_planner,1516.76,0.0
planner_selection,2015,ppr,12,3,hindsight_marginal_oracle,2628.58,1111.82
planner_selection,2015,ppr,12,4,legal_adp,1684.68,0.0
planner_selection,2015,ppr,12,4,point_in_time_planner,1684.68,0.0
planner_selection,2015,ppr,12,4,hindsight_marginal_oracle,2628.58,943.9
planner_selection,2016,standard,1,0,legal_adp,1376.68,0.0
planner_selection,2016,standard,1,0,point_in_time_planner,1234.28,-142.4
planner_selection,2016,standard,1,0,hindsight_marginal_oracle,1889.42,512.74
planner_selection,2016,standard,1,1,legal_adp,1146.76,0.0
planner_selection,2016,standard,1,1,point_in_time_planner,1191.16,44.4
planner_selection,2016,standard,1,1,hindsight_marginal_oracle,1796.02,649.26
planner_selection,2016,standard,1,2,legal_adp,1368.38,0.0
planner_selection,2016,standard,1,2,point_in_time_planner,1242.62,-125.76
planner_selection,2016,standard,1,2,hindsight_marginal_oracle,1868.12,499.74
planner_selection,2016,standard,1,3,legal_adp,1427.5,0.0
planner_selection,2016,standard,1,3,point_in_time_planner,1344.66,-82.84
planner_selection,2016,standard,1,3,hindsight_marginal_oracle,1889.42,461.92
planner_selection,2016,standard,1,4,legal_adp,1287.16,0.0
planner_selection,2016,standard,1,4,point_in_time_planner,1303.36,16.2
planner_selection,2016,standard,1,4,hindsight_marginal_oracle,1785.92,498.76
planner_selection,2016,standard,6,0,legal_adp,1327.2,0.0
planner_selection,2016,standard,6,0,point_in_time_planner,1457.86,130.66
planner_selection,2016,standard,6,0,hindsight_marginal_oracle,1814.62,487.42
planner_selection,2016,standard,6,1,legal_adp,1551.0,0.0
planner_selection,2016,standard,6,1,point_in_time_planner,1522.96,-28.04
planner_selection,2016,standard,6,1,hindsight_marginal_oracle,1868.12,317.12
planner_selection,2016,standard,6,2,legal_adp,1458.42,0.0
planner_selection,2016,standard,6,2,point_in_time_planner,1409.86,-48.56
planner_selection,2016,standard,6,2,hindsight_marginal_oracle,1889.42,431.0
planner_selection,2016,standard,6,3,legal_adp,1315.26,0.0
planner_selection,2016,standard,6,3,point_in_time_planner,1456.06,140.8
planner_selection,2016,standard,6,3,hindsight_marginal_oracle,1889.42,574.16
planner_selection,2016,standard,6,4,legal_adp,1331.68,0.0
planner_selection,2016,standard,6,4,point_in_time_planner,1307.26,-24.42
planner_selection,2016,standard,6,4,hindsight_marginal_oracle,1868.12,536.44
planner_selection,2016,standard,12,0,legal_adp,1423.0,0.0
planner_selection,2016,standard,12,0,point_in_time_planner,1365.2,-57.8
planner_selection,2016,standard,12,0,hindsight_marginal_oracle,1868.12,445.12
planner_selection,2016,standard,12,1,legal_adp,959.72,0.0
planner_selection,2016,standard,12,1,point_in_time_planner,959.72,0.0
planner_selection,2016,standard,12,1,hindsight_marginal_oracle,1868.12,908.4
planner_selection,2016,standard,12,2,legal_adp,1293.32,0.0
planner_selection,2016,standard,12,2,point_in_time_planner,1293.32,0.0
planner_selection,2016,standard,12,2,hindsight_marginal_oracle,1836.92,543.6
planner_selection,2016,standard,12,3,legal_adp,1291.28,0.0
planner_selection,2016,standard,12,3,point_in_time_planner,1291.28,0.0
planner_selection,2016,standard,12,3,hindsight_marginal_oracle,1818.22,526.94
planner_selection,2016,standard,12,4,legal_adp,860.16,0.0
planner_selection,2016,standard,12,4,point_in_time_planner,1012.82,152.66
planner_selection,2016,standard,12,4,hindsight_marginal_oracle,1829.42,969.26
planner_selection,2016,ppr,1,0,legal_adp,2043.18,0.0
planner_selection,2016,ppr,1,0,point_in_time_planner,2060.0,16.82
planner_selection,2016,ppr,1,0,hindsight_marginal_oracle,2467.36,424.18
planner_selection,2016,ppr,1,1,legal_adp,1628.02,0.0
planner_selection,2016,ppr,1,1,point_in_time_planner,1632.9,4.88
planner_selection,2016,ppr,1,1,hindsight_marginal_oracle,2462.86,834.84
planner_selection,2016,ppr,1,2,legal_adp,1892.02,0.0
planner_selection,2016,ppr,1,2,point_in_time_planner,1767.06,-124.96
planner_selection,2016,ppr,1,2,hindsight_marginal_oracle,2467.72,575.7
planner_selection,2016,ppr,1,3,legal_adp,2043.52,0.0
planner_selection,2016,ppr,1,3,point_in_time_planner,2033.64,-9.88
planner_selection,2016,ppr,1,3,hindsight_marginal_oracle,2472.22,428.7
planner_selection,2016,ppr,1,4,legal_adp,1764.4,0.0
planner_selection,2016,ppr,1,4,point_in_time_planner,1764.4,0.0
planner_selection,2016,ppr,1,4,hindsight_marginal_oracle,2462.86,698.46
planner_selection,2016,ppr,6,0,legal_adp,1661.82,0.0
planner_selection,2016,ppr,6,0,point_in_time_planner,1854.32,192.5
planner_selection,2016,ppr,6,0,hindsight_marginal_oracle,2357.86,696.04
planner_selection,2016,ppr,6,1,legal_adp,1836.72,0.0
planner_selection,2016,ppr,6,1,point_in_time_planner,1836.72,0.0
planner_selection,2016,ppr,6,1,hindsight_marginal_oracle,2390.12,553.4
planner_selection,2016,ppr,6,2,legal_adp,1634.28,0.0
planner_selection,2016,ppr,6,2,point_in_time_planner,1664.08,29.8
planner_selection,2016,ppr,6,2,hindsight_marginal_oracle,2340.92,706.64
planner_selection,2016,ppr,6,3,legal_adp,1754.36,0.0
planner_selection,2016,ppr,6,3,point_in_time_planner,1508.04,-246.32
planner_selection,2016,ppr,6,3,hindsight_marginal_oracle,2352.72,598.36
planner_selection,2016,ppr,6,4,legal_adp,1741.54,0.0
planner_selection,2016,ppr,6,4,point_in_time_planner,1925.0,183.46
planner_selection,2016,ppr,6,4,hindsight_marginal_oracle,2334.32,592.78
planner_selection,2016,ppr,12,0,legal_adp,1814.6,0.0
planner_selection,2016,ppr,12,0,point_in_time_planner,1808.5,-6.1
planner_selection,2016,ppr,12,0,hindsight_marginal_oracle,2392.72,578.12
planner_selection,2016,ppr,12,1,legal_adp,1801.4,0.0
planner_selection,2016,ppr,12,1,point_in_time_planner,1801.4,0.0
planner_selection,2016,ppr,12,1,hindsight_marginal_oracle,2312.92,511.52
planner_selection,2016,ppr,12,2,legal_adp,1499.42,0.0
planner_selection,2016,ppr,12,2,point_in_time_planner,1499.42,0.0
planner_selection,2016,ppr,12,2,hindsight_marginal_oracle,2366.12,866.7
planner_selection,2016,ppr,12,3,legal_adp,1230.74,0.0
planner_selection,2016,ppr,12,3,point_in_time_planner,1230.74,0.0
planner_selection,2016,ppr,12,3,hindsight_marginal_oracle,2362.72,1131.98
planner_selection,2016,ppr,12,4,legal_adp,1457.46,0.0
planner_selection,2016,ppr,12,4,point_in_time_planner,1457.46,0.0
planner_selection,2016,ppr,12,4,hindsight_marginal_oracle,2305.46,848.0
planner_selection,2017,standard,1,0,legal_adp,1053.44,0.0
planner_selection,2017,standard,1,0,point_in_time_planner,1053.44,0.0
planner_selection,2017,standard,1,0,hindsight_marginal_oracle,1767.52,714.08
planner_selection,2017,standard,1,1,legal_adp,1171.9,0.0
planner_selection,2017,standard,1,1,point_in_time_planner,1114.0,-57.9
planner_selection,2017,standard,1,1,hindsight_marginal_oracle,1767.52,595.62
planner_selection,2017,standard,1,2,legal_adp,1201.1,0.0
planner_selection,2017,standard,1,2,point_in_time_planner,1192.7,-8.4
planner_selection,2017,standard,1,2,hindsight_marginal_oracle,1784.82,583.72
planner_selection,2017,standard,1,3,legal_adp,1109.08,0.0
planner_selection,2017,standard,1,3,point_in_time_planner,1109.08,0.0
planner_selection,2017,standard,1,3,hindsight_marginal_oracle,1766.82,657.74
planner_selection,2017,standard,1,4,legal_adp,904.84,0.0
planner_selection,2017,standard,1,4,point_in_time_planner,952.44,47.6
planner_selection,2017,standard,1,4,hindsight_marginal_oracle,1696.62,791.78
planner_selection,2017,standard,6,0,legal_adp,1285.46,0.0
planner_selection,2017,standard,6,0,point_in_time_planner,1352.5,67.04
planner_selection,2017,standard,6,0,hindsight_marginal_oracle,1922.22,636.76
planner_selection,2017,standard,6,1,legal_adp,1236.6,0.0
planner_selection,2017,standard,6,1,point_in_time_planner,1217.7,-18.9
planner_selection,2017,standard,6,1,hindsight_marginal_oracle,1767.52,530.92
planner_selection,2017,standard,6,2,legal_adp,1167.6,0.0
planner_selection,2017,standard,6,2,point_in_time_planner,1259.22,91.62
planner_selection,2017,standard,6,2,hindsight_marginal_oracle,1767.52,599.92
planner_selection,2017,standard,6,3,legal_adp,1413.56,0.0
planner_selection,2017,standard,6,3,point_in_time_planner,1533.54,119.98
planner_selection,2017,standard,6,3,hindsight_marginal_oracle,1763.02,349.46
planner_selection,2017,standard,6,4,legal_adp,1194.78,0.0
planner_selection,2017,standard,6,4,point_in_time_planner,1194.78,0.0
planner_selection,2017,standard,6,4,hindsight_marginal_oracle,1844.52,649.74
planner_selection,2017,standard,12,0,legal_adp,841.32,0.0
planner_selection,2017,standard,12,0,point_in_time_planner,867.82,26.5
planner_selection,2017,standard,12,0,hindsight_marginal_oracle,1844.62,1003.3
planner_selection,2017,standard,12,1,legal_adp,1220.0,0.0
planner_selection,2017,standard,12,1,point_in_time_planner,1249.5,29.5
planner_selection,2017,standard,12,1,hindsight_marginal_oracle,1855.62,635.62
planner_selection,2017,standard,12,2,legal_adp,1235.36,0.0
planner_selection,2017,standard,12,2,point_in_time_planner,1235.36,0.0
planner_selection,2017,standard,12,2,hindsight_marginal_oracle,1844.62,609.26
planner_selection,2017,standard,12,3,legal_adp,1020.82,0.0
planner_selection,2017,standard,12,3,point_in_time_planner,1071.52,50.7
planner_selection,2017,standard,12,3,hindsight_marginal_oracle,1845.02,824.2
planner_selection,2017,standard,12,4,legal_adp,1197.4,0.0
planner_selection,2017,standard,12,4,point_in_time_planner,1197.4,0.0
planner_selection,2017,standard,12,4,hindsight_marginal_oracle,1844.62,647.22
planner_selection,2017,ppr,1,0,legal_adp,1428.26,0.0
planner_selection,2017,ppr,1,0,point_in_time_planner,1463.66,35.4
planner_selection,2017,ppr,1,0,hindsight_marginal_oracle,2434.96,1006.7
planner_selection,2017,ppr,1,1,legal_adp,1477.92,0.0
planner_selection,2017,ppr,1,1,point_in_time_planner,1577.26,99.34
planner_selection,2017,ppr,1,1,hindsight_marginal_oracle,2434.96,957.04
planner_selection,2017,ppr,1,2,legal_adp,1380.3,0.0
planner_selection,2017,ppr,1,2,point_in_time_planner,1415.0,34.7
planner_selection,2017,ppr,1,2,hindsight_marginal_oracle,2434.96,1054.66
planner_selection,2017,ppr,1,3,legal_adp,1521.32,0.0
planner_selection,2017,ppr,1,3,point_in_time_planner,1775.2,253.88
planner_selection,2017,ppr,1,3,hindsight_marginal_oracle,2434.96,913.64
planner_selection,2017,ppr,1,4,legal_adp,1611.74,0.0
planner_selection,2017,ppr,1,4,point_in_time_planner,1603.4,-8.34
planner_selection,2017,ppr,1,4,hindsight_marginal_oracle,2434.96,823.22
planner_selection,2017,ppr,6,0,legal_adp,1391.56,0.0
planner_selection,2017,ppr,6,0,point_in_time_planner,1440.26,48.7
planner_selection,2017,ppr,6,0,hindsight_marginal_oracle,2411.96,1020.4
planner_selection,2017,ppr,6,1,legal_adp,1673.1,0.0
planner_selection,2017,ppr,6,1,point_in_time_planner,1673.1,0.0
planner_selection,2017,ppr,6,1,hindsight_marginal_oracle,2458.76,785.66
planner_selection,2017,ppr,6,2,legal_adp,1807.8,0.0
planner_selection,2017,ppr,6,2,point_in_time_planner,1807.8,0.0
planner_selection,2017,ppr,6,2,hindsight_marginal_oracle,2455.96,648.16
planner_selection,2017,ppr,6,3,legal_adp,1856.36,0.0
planner_selection,2017,ppr,6,3,point_in_time_planner,1734.12,-122.24
planner_selection,2017,ppr,6,3,hindsight_marginal_oracle,2422.52,566.16
planner_selection,2017,ppr,6,4,legal_adp,1611.28,0.0
planner_selection,2017,ppr,6,4,point_in_time_planner,1388.66,-222.62
planner_selection,2017,ppr,6,4,hindsight_marginal_oracle,2401.42,790.14
planner_selection,2017,ppr,12,0,legal_adp,1496.04,0.0
planner_selection,2017,ppr,12,0,point_in_time_planner,1495.44,-0.6
planner_selection,2017,ppr,12,0,hindsight_marginal_oracle,2505.02,1008.98
planner_selection,2017,ppr,12,1,legal_adp,1363.84,0.0
planner_selection,2017,ppr,12,1,point_in_time_planner,1363.84,0.0
planner_selection,2017,ppr,12,1,hindsight_marginal_oracle,2511.12,1147.28
planner_selection,2017,ppr,12,2,legal_adp,1479.7,0.0
planner_selection,2017,ppr,12,2,point_in_time_planner,1629.24,149.54
planner_selection,2017,ppr,12,2,hindsight_marginal_oracle,2510.62,1030.92
planner_selection,2017,ppr,12,3,legal_adp,1469.56,0.0
planner_selection,2017,ppr,12,3,point_in_time_planner,1492.36,22.8
planner_selection,2017,ppr,12,3,hindsight_marginal_oracle,2429.02,959.46
planner_selection,2017,ppr,12,4,legal_adp,1344.02,0.0
planner_selection,2017,ppr,12,4,point_in_time_planner,1344.02,0.0
planner_selection,2017,ppr,12,4,hindsight_marginal_oracle,2519.52,1175.5
planner_selection,2019,standard,1,0,legal_adp,1292.58,0.0
planner_selection,2019,standard,1,0,point_in_time_planner,1292.58,0.0
planner_selection,2019,standard,1,0,hindsight_marginal_oracle,1897.1,604.52
planner_selection,2019,standard,1,1,legal_adp,1425.08,0.0
planner_selection,2019,standard,1,1,point_in_time_planner,1311.4,-113.68
planner_selection,2019,standard,1,1,hindsight_marginal_oracle,1977.4,552.32
planner_selection,2019,standard,1,2,legal_adp,1287.16,0.0
planner_selection,2019,standard,1,2,point_in_time_planner,1279.16,-8.0
planner_selection,2019,standard,1,2,hindsight_marginal_oracle,1883.5,596.34
planner_selection,2019,standard,1,3,legal_adp,1365.7,0.0
planner_selection,2019,standard,1,3,point_in_time_planner,1292.8,-72.9
planner_selection,2019,standard,1,3,hindsight_marginal_oracle,1972.8,607.1
planner_selection,2019,standard,1,4,legal_adp,1435.14,0.0
planner_selection,2019,standard,1,4,point_in_time_planner,1300.66,-134.48
planner_selection,2019,standard,1,4,hindsight_marginal_oracle,1953.4,518.26
planner_selection,2019,standard,6,0,legal_adp,1273.98,0.0
planner_selection,2019,standard,6,0,point_in_time_planner,1390.52,116.54
planner_selection,2019,standard,6,0,hindsight_marginal_oracle,1957.8,683.82
planner_selection,2019,standard,6,1,legal_adp,1228.24,0.0
planner_selection,2019,standard,6,1,point_in_time_planner,1292.82,64.58
planner_selection,2019,standard,6,1,hindsight_marginal_oracle,1882.1,653.86
planner_selection,2019,standard,6,2,legal_adp,1234.46,0.0
planner_selection,2019,standard,6,2,point_in_time_planner,1234.46,0.0
planner_selection,2019,standard,6,2,hindsight_marginal_oracle,1897.1,662.64
planner_selection,2019,standard,6,3,legal_adp,1357.42,0.0
planner_selection,2019,standard,6,3,point_in_time_planner,1357.42,0.0
planner_selection,2019,standard,6,3,hindsight_marginal_oracle,1861.92,504.5
planner_selection,2019,standard,6,4,legal_adp,1429.1,0.0
planner_selection,2019,standard,6,4,point_in_time_planner,1271.26,-157.84
planner_selection,2019,standard,6,4,hindsight_marginal_oracle,1897.1,468.0
planner_selection,2019,standard,12,0,legal_adp,1392.28,0.0
planner_selection,2019,standard,12,0,point_in_time_planner,1515.38,123.1
planner_selection,2019,standard,12,0,hindsight_marginal_oracle,1923.5,531.22
planner_selection,2019,standard,12,1,legal_adp,1486.1,0.0
planner_selection,2019,standard,12,1,point_in_time_planner,1486.1,0.0
planner_selection,2019,standard,12,1,hindsight_marginal_oracle,1894.9,408.8
planner_selection,2019,standard,12,2,legal_adp,1464.54,0.0
planner_selection,2019,standard,12,2,point_in_time_planner,1430.48,-34.06
planner_selection,2019,standard,12,2,hindsight_marginal_oracle,1917.0,452.46
planner_selection,2019,standard,12,3,legal_adp,1685.38,0.0
planner_selection,2019,standard,12,3,point_in_time_planner,1685.38,0.0
planner_selection,2019,standard,12,3,hindsight_marginal_oracle,1888.32,202.94
planner_selection,2019,standard,12,4,legal_adp,1489.38,0.0
planner_selection,2019,standard,12,4,point_in_time_planner,1489.38,0.0
planner_selection,2019,standard,12,4,hindsight_marginal_oracle,1861.82,372.44
planner_selection,2019,ppr,1,0,legal_adp,2002.7,0.0
planner_selection,2019,ppr,1,0,point_in_time_planner,1738.98,-263.72
planner_selection,2019,ppr,1,0,hindsight_marginal_oracle,2639.92,637.22
planner_selection,2019,ppr,1,1,legal_adp,2104.98,0.0
planner_selection,2019,ppr,1,1,point_in_time_planner,1922.5,-182.48
planner_selection,2019,ppr,1,1,hindsight_marginal_oracle,2690.6,585.62
planner_selection,2019,ppr,1,2,legal_adp,1579.2,0.0
planner_selection,2019,ppr,1,2,point_in_time_planner,1510.88,-68.32
planner_selection,2019,ppr,1,2,hindsight_marginal_oracle,2666.22,1087.02
planner_selection,2019,ppr,1,3,legal_adp,1685.96,0.0
planner_selection,2019,ppr,1,3,point_in_time_planner,1818.46,132.5
planner_selection,2019,ppr,1,3,hindsight_marginal_oracle,2723.42,1037.46
planner_selection,2019,ppr,1,4,legal_adp,2095.98,0.0
planner_selection,2019,ppr,1,4,point_in_time_planner,1893.78,-202.2
planner_selection,2019,ppr,1,4,hindsight_marginal_oracle,2642.22,546.24
planner_selection,2019,ppr,6,0,legal_adp,1810.08,0.0
planner_selection,2019,ppr,6,0,point_in_time_planner,1810.08,0.0
planner_selection,2019,ppr,6,0,hindsight_marginal_oracle,2481.8,671.72
planner_selection,2019,ppr,6,1,legal_adp,1827.74,0.0
planner_selection,2019,ppr,6,1,point_in_time_planner,1737.08,-90.66
planner_selection,2019,ppr,6,1,hindsight_marginal_oracle,2482.72,654.98
planner_selection,2019,ppr,6,2,legal_adp,1527.72,0.0
planner_selection,2019,ppr,6,2,point_in_time_planner,1486.2,-41.52
planner_selection,2019,ppr,6,2,hindsight_marginal_oracle,2489.62,961.9
planner_selection,2019,ppr,6,3,legal_adp,1581.98,0.0
planner_selection,2019,ppr,6,3,point_in_time_planner,1678.06,96.08
planner_selection,2019,ppr,6,3,hindsight_marginal_oracle,2489.62,907.64
planner_selection,2019,ppr,6,4,legal_adp,1850.12,0.0
planner_selection,2019,ppr,6,4,point_in_time_planner,1713.4,-136.72
planner_selection,2019,ppr,6,4,hindsight_marginal_oracle,2522.72,672.6
planner_selection,2019,ppr,12,0,legal_adp,1923.2,0.0
planner_selection,2019,ppr,12,0,point_in_time_planner,1923.2,0.0
planner_selection,2019,ppr,12,0,hindsight_marginal_oracle,2569.62,646.42
planner_selection,2019,ppr,12,1,legal_adp,1572.48,0.0
planner_selection,2019,ppr,12,1,point_in_time_planner,1622.88,50.4
planner_selection,2019,ppr,12,1,hindsight_marginal_oracle,2489.62,917.14
planner_selection,2019,ppr,12,2,legal_adp,1782.0,0.0
planner_selection,2019,ppr,12,2,point_in_time_planner,1782.0,0.0
planner_selection,2019,ppr,12,2,hindsight_marginal_oracle,2489.62,707.62
planner_selection,2019,ppr,12,3,legal_adp,1638.2,0.0
planner_selection,2019,ppr,12,3,point_in_time_planner,1638.2,0.0
planner_selection,2019,ppr,12,3,hindsight_marginal_oracle,2489.62,851.42
planner_selection,2019,ppr,12,4,legal_adp,2198.44,0.0
planner_selection,2019,ppr,12,4,point_in_time_planner,2192.82,-5.62
planner_selection,2019,ppr,12,4,hindsight_marginal_oracle,2549.42,350.98
planner_selection,2019,half_ppr,1,0,legal_adp,1567.86,0.0
planner_selection,2019,half_ppr,1,0,point_in_time_planner,1741.52,173.66
planner_selection,2019,half_ppr,1,0,hindsight_marginal_oracle,2224.6,656.74
planner_selection,2019,half_ppr,1,1,legal_adp,1558.18,0.0
planner_selection,2019,half_ppr,1,1,point_in_time_planner,1631.58,73.4
planner_selection,2019,half_ppr,1,1,hindsight_marginal_oracle,2220.1,661.92
planner_selection,2019,half_ppr,1,2,legal_adp,1560.28,0.0
planner_selection,2019,half_ppr,1,2,point_in_time_planner,1513.66,-46.62
planner_selection,2019,half_ppr,1,2,hindsight_marginal_oracle,2181.7,621.42
planner_selection,2019,half_ppr,1,3,legal_adp,1436.56,0.0
planner_selection,2019,half_ppr,1,3,point_in_time_planner,1461.66,25.1
planner_selection,2019,half_ppr,1,3,hindsight_marginal_oracle,2231.18,794.62
planner_selection,2019,half_ppr,1,4,legal_adp,1639.68,0.0
planner_selection,2019,half_ppr,1,4,point_in_time_planner,1651.88,12.2
planner_selection,2019,half_ppr,1,4,hindsight_marginal_oracle,2220.5,580.82
planner_selection,2019,half_ppr,6,0,legal_adp,1450.06,0.0
planner_selection,2019,half_ppr,6,0,point_in_time_planner,1450.06,0.0
planner_selection,2019,half_ppr,6,0,hindsight_marginal_oracle,2207.2,757.14
planner_selection,2019,half_ppr,6,1,legal_adp,1450.94,0.0
planner_selection,2019,half_ppr,6,1,point_in_time_planner,1327.74,-123.2
planner_selection,2019,half_ppr,6,1,hindsight_marginal_oracle,2207.2,756.26
planner_selection,2019,half_ppr,6,2,legal_adp,1208.96,0.0
planner_selection,2019,half_ppr,6,2,point_in_time_planner,1434.96,226.0
planner_selection,2019,half_ppr,6,2,hindsight_marginal_oracle,2226.8,1017.84
planner_selection,2019,half_ppr,6,3,legal_adp,1210.5,0.0
planner_selection,2019,half_ppr,6,3,point_in_time_planner,1344.8,134.3
planner_selection,2019,half_ppr,6,3,hindsight_marginal_oracle,2207.2,996.7
planner_selection,2019,half_ppr,6,4,legal_adp,1236.32,0.0
planner_selection,2019,half_ppr,6,4,point_in_time_planner,1236.32,0.0
planner_selection,2019,half_ppr,6,4,hindsight_marginal_oracle,2207.2,970.88
planner_selection,2019,half_ppr,12,0,legal_adp,1811.0,0.0
planner_selection,2019,half_ppr,12,0,point_in_time_planner,1832.4,21.4
planner_selection,2019,half_ppr,12,0,hindsight_marginal_oracle,2217.0,406.0
planner_selection,2019,half_ppr,12,1,legal_adp,1514.44,0.0
planner_selection,2019,half_ppr,12,1,point_in_time_planner,1514.44,0.0
planner_selection,2019,half_ppr,12,1,hindsight_marginal_oracle,2207.2,692.76
planner_selection,2019,half_ppr,12,2,legal_adp,1568.84,0.0
planner_selection,2019,half_ppr,12,2,point_in_time_planner,1568.84,0.0
planner_selection,2019,half_ppr,12,2,hindsight_marginal_oracle,2217.0,648.16
planner_selection,2019,half_ppr,12,3,legal_adp,1333.7,0.0
planner_selection,2019,half_ppr,12,3,point_in_time_planner,1545.14,211.44
planner_selection,2019,half_ppr,12,3,hindsight_marginal_oracle,2217.0,883.3
planner_selection,2019,half_ppr,12,4,legal_adp,1708.24,0.0
planner_selection,2019,half_ppr,12,4,point_in_time_planner,1708.24,0.0
planner_selection,2019,half_ppr,12,4,hindsight_marginal_oracle,2217.0,508.76
planner_selection,2020,standard,1,0,legal_adp,1132.44,0.0
planner_selection,2020,standard,1,0,point_in_time_planner,1151.04,18.6
planner_selection,2020,standard,1,0,hindsight_marginal_oracle,1810.96,678.52
planner_selection,2020,standard,1,1,legal_adp,1099.38,0.0
planner_selection,2020,standard,1,1,point_in_time_planner,1099.38,0.0
planner_selection,2020,standard,1,1,hindsight_marginal_oracle,1825.06,725.68
planner_selection,2020,standard,1,2,legal_adp,1057.8,0.0
planner_selection,2020,standard,1,2,point_in_time_planner,1066.7,8.9
planner_selection,2020,standard,1,2,hindsight_marginal_oracle,1810.96,753.16
planner_selection,2020,standard,1,3,legal_adp,1074.04,0.0
planner_selection,2020,standard,1,3,point_in_time_planner,1065.04,-9.0
planner_selection,2020,standard,1,3,hindsight_marginal_oracle,1774.46,700.42
planner_selection,2020,standard,1,4,legal_adp,1349.22,0.0
planner_selection,2020,standard,1,4,point_in_time_planner,1307.52,-41.7
planner_selection,2020,standard,1,4,hindsight_marginal_oracle,1774.46,425.24
planner_selection,2020,standard,6,0,legal_adp,1512.84,0.0
planner_selection,2020,standard,6,0,point_in_time_planner,1451.56,-61.28
planner_selection,2020,standard,6,0,hindsight_marginal_oracle,1835.16,322.32
planner_selection,2020,standard,6,1,legal_adp,1330.9,0.0
planner_selection,2020,standard,6,1,point_in_time_planner,1359.06,28.16
planner_selection,2020,standard,6,1,hindsight_marginal_oracle,1774.46,443.56
planner_selection,2020,standard,6,2,legal_adp,1273.48,0.0
planner_selection,2020,standard,6,2,point_in_time_planner,1225.88,-47.6
planner_selection,2020,standard,6,2,hindsight_marginal_oracle,1837.76,564.28
planner_selection,2020,standard,6,3,legal_adp,1626.18,0.0
planner_selection,2020,standard,6,3,point_in_time_planner,1502.16,-124.02
planner_selection,2020,standard,6,3,hindsight_marginal_oracle,1774.46,148.28
planner_selection,2020,standard,6,4,legal_adp,1495.96,0.0
planner_selection,2020,standard,6,4,point_in_time_planner,1538.68,42.72
planner_selection,2020,standard,6,4,hindsight_marginal_oracle,1834.26,338.3
planner_selection,2020,standard,12,0,legal_adp,1383.0,0.0
planner_selection,2020,standard,12,0,point_in_time_planner,1383.0,0.0
planner_selection,2020,standard,12,0,hindsight_marginal_oracle,1861.76,478.76
planner_selection,2020,standard,12,1,legal_adp,1151.94,0.0
planner_selection,2020,standard,12,1,point_in_time_planner,1151.94,0.0
planner_selection,2020,standard,12,1,hindsight_marginal_oracle,1843.86,691.92
planner_selection,2020,standard,12,2,legal_adp,1195.02,0.0
planner_selection,2020,standard,12,2,point_in_time_planner,1195.02,0.0
planner_selection,2020,standard,12,2,hindsight_marginal_oracle,1843.86,648.84
planner_selection,2020,standard,12,3,legal_adp,1175.5,0.0
planner_selection,2020,standard,12,3,point_in_time_planner,1175.5,0.0
planner_selection,2020,standard,12,3,hindsight_marginal_oracle,1843.86,668.36
planner_selection,2020,standard,12,4,legal_adp,1299.92,0.0
planner_selection,2020,standard,12,4,point_in_time_planner,1299.92,0.0
planner_selection,2020,standard,12,4,hindsight_marginal_oracle,1859.06,559.14
planner_selection,2020,ppr,1,0,legal_adp,1595.26,0.0
planner_selection,2020,ppr,1,0,point_in_time_planner,1658.86,63.6
planner_selection,2020,ppr,1,0,hindsight_marginal_oracle,2411.22,815.96
planner_selection,2020,ppr,1,1,legal_adp,1770.16,0.0
planner_selection,2020,ppr,1,1,point_in_time_planner,1747.26,-22.9
planner_selection,2020,ppr,1,1,hindsight_marginal_oracle,2464.92,694.76
planner_selection,2020,ppr,1,2,legal_adp,1498.26,0.0
planner_selection,2020,ppr,1,2,point_in_time_planner,1761.34,263.08
planner_selection,2020,ppr,1,2,hindsight_marginal_oracle,2411.22,912.96
planner_selection,2020,ppr,1,3,legal_adp,1400.58,0.0
planner_selection,2020,ppr,1,3,point_in_time_planner,1537.28,136.7
planner_selection,2020,ppr,1,3,hindsight_marginal_oracle,2343.96,943.38
planner_selection,2020,ppr,1,4,legal_adp,1489.7,0.0
planner_selection,2020,ppr,1,4,point_in_time_planner,1357.9,-131.8
planner_selection,2020,ppr,1,4,hindsight_marginal_oracle,2379.96,890.26
planner_selection,2020,ppr,6,0,legal_adp,2165.76,0.0
planner_selection,2020,ppr,6,0,point_in_time_planner,2046.12,-119.64
planner_selection,2020,ppr,6,0,hindsight_marginal_oracle,2515.26,349.5
planner_selection,2020,ppr,6,1,legal_adp,1931.5,0.0
planner_selection,2020,ppr,6,1,point_in_time_planner,2141.3,209.8
planner_selection,2020,ppr,6,1,hindsight_marginal_oracle,2394.36,462.86
planner_selection,2020,ppr,6,2,legal_adp,1829.74,0.0
planner_selection,2020,ppr,6,2,point_in_time_planner,1936.84,107.1
planner_selection,2020,ppr,6,2,hindsight_marginal_oracle,2265.76,436.02
planner_selection,2020,ppr,6,3,legal_adp,1958.34,0.0
planner_selection,2020,ppr,6,3,point_in_time_planner,1933.24,-25.1
planner_selection,2020,ppr,6,3,hindsight_marginal_oracle,2426.56,468.22
planner_selection,2020,ppr,6,4,legal_adp,1900.5,0.0
planner_selection,2020,ppr,6,4,point_in_time_planner,1894.42,-6.08
planner_selection,2020,ppr,6,4,hindsight_marginal_oracle,2436.76,536.26
planner_selection,2020,ppr,12,0,legal_adp,1241.4,0.0
planner_selection,2020,ppr,12,0,point_in_time_planner,1241.4,0.0
planner_selection,2020,ppr,12,0,hindsight_marginal_oracle,2449.26,1207.86
planner_selection,2020,ppr,12,1,legal_adp,1591.8,0.0
planner_selection,2020,ppr,12,1,point_in_time_planner,1416.58,-175.22
planner_selection,2020,ppr,12,1,hindsight_marginal_oracle,2511.06,919.26
planner_selection,2020,ppr,12,2,legal_adp,1839.98,0.0
planner_selection,2020,ppr,12,2,point_in_time_planner,1839.98,0.0
planner_selection,2020,ppr,12,2,hindsight_marginal_oracle,2544.76,704.78
planner_selection,2020,ppr,12,3,legal_adp,1157.14,0.0
planner_selection,2020,ppr,12,3,point_in_time_planner,1157.14,0.0
planner_selection,2020,ppr,12,3,hindsight_marginal_oracle,2515.26,1358.12
planner_selection,2020,ppr,12,4,legal_adp,1551.44,0.0
planner_selection,2020,ppr,12,4,point_in_time_planner,1551.44,0.0
planner_selection,2020,ppr,12,4,hindsight_marginal_oracle,2544.76,993.32
planner_selection,2020,half_ppr,1,0,legal_adp,1367.38,0.0
planner_selection,2020,half_ppr,1,0,point_in_time_planner,1255.88,-111.5
planner_selection,2020,half_ppr,1,0,hindsight_marginal_oracle,2126.56,759.18
planner_selection,2020,half_ppr,1,1,legal_adp,1720.92,0.0
planner_selection,2020,half_ppr,1,1,point_in_time_planner,1586.08,-134.84
planner_selection,2020,half_ppr,1,1,hindsight_marginal_oracle,2133.26,412.34
planner_selection,2020,half_ppr,1,2,legal_adp,1374.24,0.0
planner_selection,2020,half_ppr,1,2,point_in_time_planner,1297.24,-77.0
planner_selection,2020,half_ppr,1,2,hindsight_marginal_oracle,2043.26,669.02
planner_selection,2020,half_ppr,1,3,legal_adp,1299.32,0.0
planner_selection,2020,half_ppr,1,3,point_in_time_planner,1367.76,68.44
planner_selection,2020,half_ppr,1,3,hindsight_marginal_oracle,2043.26,743.94
planner_selection,2020,half_ppr,1,4,legal_adp,1324.46,0.0
planner_selection,2020,half_ppr,1,4,point_in_time_planner,1276.76,-47.7
planner_selection,2020,half_ppr,1,4,hindsight_marginal_oracle,2049.96,725.5
planner_selection,2020,half_ppr,6,0,legal_adp,1936.3,0.0
planner_selection,2020,half_ppr,6,0,point_in_time_planner,1936.3,0.0
planner_selection,2020,half_ppr,6,0,hindsight_marginal_oracle,2133.26,196.96
planner_selection,2020,half_ppr,6,1,legal_adp,1668.28,0.0
planner_selection,2020,half_ppr,6,1,point_in_time_planner,1620.46,-47.82
planner_selection,2020,half_ppr,6,1,hindsight_marginal_oracle,2182.16,513.88
planner_selection,2020,half_ppr,6,2,legal_adp,1386.36,0.0
planner_selection,2020,half_ppr,6,2,point_in_time_planner,1372.12,-14.24
planner_selection,2020,half_ppr,6,2,hindsight_marginal_oracle,2072.46,686.1
planner_selection,2020,half_ppr,6,3,legal_adp,1367.24,0.0
planner_selection,2020,half_ppr,6,3,point_in_time_planner,1367.24,0.0
planner_selection,2020,half_ppr,6,3,hindsight_marginal_oracle,2127.36,760.12
planner_selection,2020,half_ppr,6,4,legal_adp,1304.72,0.0
planner_selection,2020,half_ppr,6,4,point_in_time_planner,1304.72,0.0
planner_selection,2020,half_ppr,6,4,hindsight_marginal_oracle,2125.66,820.94
planner_selection,2020,half_ppr,12,0,legal_adp,1545.18,0.0
planner_selection,2020,half_ppr,12,0,point_in_time_planner,1545.18,0.0
planner_selection,2020,half_ppr,12,0,hindsight_marginal_oracle,2182.16,636.98
planner_selection,2020,half_ppr,12,1,legal_adp,1635.94,0.0
planner_selection,2020,half_ppr,12,1,point_in_time_planner,1635.94,0.0
planner_selection,2020,half_ppr,12,1,hindsight_marginal_oracle,2182.16,546.22
planner_selection,2020,half_ppr,12,2,legal_adp,1308.74,0.0
planner_selection,2020,half_ppr,12,2,point_in_time_planner,1304.06,-4.68
planner_selection,2020,half_ppr,12,2,hindsight_marginal_oracle,2182.16,873.42
planner_selection,2020,half_ppr,12,3,legal_adp,1561.16,0.0
planner_selection,2020,half_ppr,12,3,point_in_time_planner,1561.16,0.0
planner_selection,2020,half_ppr,12,3,hindsight_marginal_oracle,2197.66,636.5
planner_selection,2020,half_ppr,12,4,legal_adp,1375.56,0.0
planner_selection,2020,half_ppr,12,4,point_in_time_planner,1375.56,0.0
planner_selection,2020,half_ppr,12,4,hindsight_marginal_oracle,2197.06,821.5
planner_validation,2021,standard,1,0,legal_adp,1063.88,0.0
planner_validation,2021,standard,1,0,point_in_time_planner,1123.38,59.5
planner_validation,2021,standard,1,0,hindsight_marginal_oracle,1892.92,829.04
planner_validation,2021,standard,1,1,legal_adp,1067.6,0.0
planner_validation,2021,standard,1,1,point_in_time_planner,1104.6,37.0
planner_validation,2021,standard,1,1,hindsight_marginal_oracle,1903.62,836.02
planner_validation,2021,standard,1,2,legal_adp,1092.58,0.0
planner_validation,2021,standard,1,2,point_in_time_planner,1199.2,106.62
planner_validation,2021,standard,1,2,hindsight_marginal_oracle,1900.32,807.74
planner_validation,2021,standard,1,3,legal_adp,1274.82,0.0
planner_validation,2021,standard,1,3,point_in_time_planner,1268.22,-6.6
planner_validation,2021,standard,1,3,hindsight_marginal_oracle,1900.32,625.5
planner_validation,2021,standard,1,4,legal_adp,1058.2,0.0
planner_validation,2021,standard,1,4,point_in_time_planner,1169.7,111.5
planner_validation,2021,standard,1,4,hindsight_marginal_oracle,1900.32,842.12
planner_validation,2021,standard,6,0,legal_adp,1329.5,0.0
planner_validation,2021,standard,6,0,point_in_time_planner,1329.5,0.0
planner_validation,2021,standard,6,0,hindsight_marginal_oracle,1892.92,563.42
planner_validation,2021,standard,6,1,legal_adp,1306.34,0.0
planner_validation,2021,standard,6,1,point_in_time_planner,1306.34,0.0
planner_validation,2021,standard,6,1,hindsight_marginal_oracle,1892.92,586.58
planner_validation,2021,standard,6,2,legal_adp,1294.64,0.0
planner_validation,2021,standard,6,2,point_in_time_planner,1244.14,-50.5
planner_validation,2021,standard,6,2,hindsight_marginal_oracle,1893.52,598.88
planner_validation,2021,standard,6,3,legal_adp,1503.88,0.0
planner_validation,2021,standard,6,3,point_in_time_planner,1503.88,0.0
planner_validation,2021,standard,6,3,hindsight_marginal_oracle,1900.32,396.44
planner_validation,2021,standard,6,4,legal_adp,1489.66,0.0
planner_validation,2021,standard,6,4,point_in_time_planner,1489.66,0.0
planner_validation,2021,standard,6,4,hindsight_marginal_oracle,1900.32,410.66
planner_validation,2021,standard,12,0,legal_adp,1022.92,0.0
planner_validation,2021,standard,12,0,point_in_time_planner,1022.92,0.0
planner_validation,2021,standard,12,0,hindsight_marginal_oracle,1900.92,878.0
planner_validation,2021,standard,12,1,legal_adp,1149.06,0.0
planner_validation,2021,standard,12,1,point_in_time_planner,1149.06,0.0
planner_validation,2021,standard,12,1,hindsight_marginal_oracle,1874.94,725.88
planner_validation,2021,standard,12,2,legal_adp,1310.68,0.0
planner_validation,2021,standard,12,2,point_in_time_planner,1310.68,0.0
planner_validation,2021,standard,12,2,hindsight_marginal_oracle,2072.22,761.54
planner_validation,2021,standard,12,3,legal_adp,1455.62,0.0
planner_validation,2021,standard,12,3,point_in_time_planner,1455.62,0.0
planner_validation,2021,standard,12,3,hindsight_marginal_oracle,1900.92,445.3
planner_validation,2021,standard,12,4,legal_adp,1243.96,0.0
planner_validation,2021,standard,12,4,point_in_time_planner,1243.96,0.0
planner_validation,2021,standard,12,4,hindsight_marginal_oracle,1900.32,656.36
planner_validation,2021,ppr,1,0,legal_adp,1610.36,0.0
planner_validation,2021,ppr,1,0,point_in_time_planner,1513.28,-97.08
planner_validation,2021,ppr,1,0,hindsight_marginal_oracle,2590.42,980.06
planner_validation,2021,ppr,1,1,legal_adp,1881.96,0.0
planner_validation,2021,ppr,1,1,point_in_time_planner,1739.26,-142.7
planner_validation,2021,ppr,1,1,hindsight_marginal_oracle,2513.22,631.26
planner_validation,2021,ppr,1,2,legal_adp,1634.14,0.0
planner_validation,2021,ppr,1,2,point_in_time_planner,1630.34,-3.8
planner_validation,2021,ppr,1,2,hindsight_marginal_oracle,2632.52,998.38
planner_validation,2021,ppr,1,3,legal_adp,1335.7,0.0
planner_validation,2021,ppr,1,3,point_in_time_planner,1315.3,-20.4
planner_validation,2021,ppr,1,3,hindsight_marginal_oracle,2632.52,1296.82
planner_validation,2021,ppr,1,4,legal_adp,1941.36,0.0
planner_validation,2021,ppr,1,4,point_in_time_planner,1763.36,-178.0
planner_validation,2021,ppr,1,4,hindsight_marginal_oracle,2632.52,691.16
planner_validation,2021,ppr,6,0,legal_adp,1652.26,0.0
planner_validation,2021,ppr,6,0,point_in_time_planner,1652.26,0.0
planner_validation,2021,ppr,6,0,hindsight_marginal_oracle,2632.52,980.26
planner_validation,2021,ppr,6,1,legal_adp,1707.66,0.0
planner_validation,2021,ppr,6,1,point_in_time_planner,1843.74,136.08
planner_validation,2021,ppr,6,1,hindsight_marginal_oracle,2632.52,924.86
planner_validation,2021,ppr,6,2,legal_adp,1539.26,0.0
planner_validation,2021,ppr,6,2,point_in_time_planner,1539.26,0.0
planner_validation,2021,ppr,6,2,hindsight_marginal_oracle,2632.52,1093.26
planner_validation,2021,ppr,6,3,legal_adp,1777.16,0.0
planner_validation,2021,ppr,6,3,point_in_time_planner,1777.16,0.0
planner_validation,2021,ppr,6,3,hindsight_marginal_oracle,2632.52,855.36
planner_validation,2021,ppr,6,4,legal_adp,1601.46,0.0
planner_validation,2021,ppr,6,4,point_in_time_planner,1563.14,-38.32
planner_validation,2021,ppr,6,4,hindsight_marginal_oracle,2513.22,911.76
planner_validation,2021,ppr,12,0,legal_adp,1929.72,0.0
planner_validation,2021,ppr,12,0,point_in_time_planner,1900.22,-29.5
planner_validation,2021,ppr,12,0,hindsight_marginal_oracle,2513.22,583.5
planner_validation,2021,ppr,12,1,legal_adp,1801.34,0.0
planner_validation,2021,ppr,12,1,point_in_time_planner,1801.34,0.0
planner_validation,2021,ppr,12,1,hindsight_marginal_oracle,2513.22,711.88
planner_validation,2021,ppr,12,2,legal_adp,1892.1,0.0
planner_validation,2021,ppr,12,2,point_in_time_planner,1892.1,0.0
planner_validation,2021,ppr,12,2,hindsight_marginal_oracle,2513.22,621.12
planner_validation,2021,ppr,12,3,legal_adp,2175.7,0.0
planner_validation,2021,ppr,12,3,point_in_time_planner,2215.7,40.0
planner_validation,2021,ppr,12,3,hindsight_marginal_oracle,2513.22,337.52
planner_validation,2021,ppr,12,4,legal_adp,1815.94,0.0
planner_validation,2021,ppr,12,4,point_in_time_planner,1966.64,150.7
planner_validation,2021,ppr,12,4,hindsight_marginal_oracle,2513.22,697.28
planner_validation,2021,half_ppr,1,0,legal_adp,1577.36,0.0
planner_validation,2021,half_ppr,1,0,point_in_time_planner,1617.08,39.72
planner_validation,2021,half_ppr,1,0,hindsight_marginal_oracle,2298.52,721.16
planner_validation,2021,half_ppr,1,1,legal_adp,1094.54,0.0
planner_validation,2021,half_ppr,1,1,point_in_time_planner,1101.16,6.62
planner_validation,2021,half_ppr,1,1,hindsight_marginal_oracle,2298.52,1203.98
planner_validation,2021,half_ppr,1,2,legal_adp,1614.1,0.0
planner_validation,2021,half_ppr,1,2,point_in_time_planner,1614.1,0.0
planner_validation,2021,half_ppr,1,2,hindsight_marginal_oracle,2195.22,581.12
planner_validation,2021,half_ppr,1,3,legal_adp,1406.22,0.0
planner_validation,2021,half_ppr,1,3,point_in_time_planner,1487.02,80.8
planner_validation,2021,half_ppr,1,3,hindsight_marginal_oracle,2298.52,892.3
planner_validation,2021,half_ppr,1,4,legal_adp,1877.14,0.0
planner_validation,2021,half_ppr,1,4,point_in_time_planner,1889.84,12.7
planner_validation,2021,half_ppr,1,4,hindsight_marginal_oracle,2298.52,421.38
planner_validation,2021,half_ppr,6,0,legal_adp,1556.1,0.0
planner_validation,2021,half_ppr,6,0,point_in_time_planner,1556.1,0.0
planner_validation,2021,half_ppr,6,0,hindsight_marginal_oracle,2298.52,742.42
planner_validation,2021,half_ppr,6,1,legal_adp,1559.98,0.0
planner_validation,2021,half_ppr,6,1,point_in_time_planner,1540.18,-19.8
planner_validation,2021,half_ppr,6,1,hindsight_marginal_oracle,2298.52,738.54
planner_validation,2021,half_ppr,6,2,legal_adp,1752.4,0.0
planner_validation,2021,half_ppr,6,2,point_in_time_planner,1742.6,-9.8
planner_validation,2021,half_ppr,6,2,hindsight_marginal_oracle,2200.42,448.02
planner_validation,2021,half_ppr,6,3,legal_adp,1906.24,0.0
planner_validation,2021,half_ppr,6,3,point_in_time_planner,1906.24,0.0
planner_validation,2021,half_ppr,6,3,hindsight_marginal_oracle,2298.52,392.28
planner_validation,2021,half_ppr,6,4,legal_adp,1375.46,0.0
planner_validation,2021,half_ppr,6,4,point_in_time_planner,1375.46,0.0
planner_validation,2021,half_ppr,6,4,hindsight_marginal_oracle,2298.52,923.06
planner_validation,2021,half_ppr,12,0,legal_adp,1484.62,0.0
planner_validation,2021,half_ppr,12,0,point_in_time_planner,1484.62,0.0
planner_validation,2021,half_ppr,12,0,hindsight_marginal_oracle,2195.22,710.6
planner_validation,2021,half_ppr,12,1,legal_adp,1712.72,0.0
planner_validation,2021,half_ppr,12,1,point_in_time_planner,1712.72,0.0
planner_validation,2021,half_ppr,12,1,hindsight_marginal_oracle,2298.52,585.8
planner_validation,2021,half_ppr,12,2,legal_adp,1691.02,0.0
planner_validation,2021,half_ppr,12,2,point_in_time_planner,1691.02,0.0
planner_validation,2021,half_ppr,12,2,hindsight_marginal_oracle,2195.22,504.2
planner_validation,2021,half_ppr,12,3,legal_adp,1614.12,0.0
planner_validation,2021,half_ppr,12,3,point_in_time_planner,1603.72,-10.4
planner_validation,2021,half_ppr,12,3,hindsight_marginal_oracle,2195.22,581.1
planner_validation,2021,half_ppr,12,4,legal_adp,1701.96,0.0
planner_validation,2021,half_ppr,12,4,point_in_time_planner,1701.96,0.0
planner_validation,2021,half_ppr,12,4,hindsight_marginal_oracle,2195.22,493.26
planner_validation,2022,standard,1,0,legal_adp,1124.58,0.0
planner_validation,2022,standard,1,0,point_in_time_planner,1048.58,-76.0
planner_validation,2022,standard,1,0,hindsight_marginal_oracle,1836.22,711.64
planner_validation,2022,standard,1,1,legal_adp,1477.42,0.0
planner_validation,2022,standard,1,1,point_in_time_planner,1233.96,-243.46
planner_validation,2022,standard,1,1,hindsight_marginal_oracle,1816.04,338.62
planner_validation,2022,standard,1,2,legal_adp,1401.32,0.0
planner_validation,2022,standard,1,2,point_in_time_planner,1230.36,-170.96
planner_validation,2022,standard,1,2,hindsight_marginal_oracle,1842.42,441.1
planner_validation,2022,standard,1,3,legal_adp,1258.78,0.0
planner_validation,2022,standard,1,3,point_in_time_planner,1108.52,-150.26
planner_validation,2022,standard,1,3,hindsight_marginal_oracle,1824.02,565.24
planner_validation,2022,standard,1,4,legal_adp,1402.74,0.0
planner_validation,2022,standard,1,4,point_in_time_planner,1368.48,-34.26
planner_validation,2022,standard,1,4,hindsight_marginal_oracle,1834.32,431.58
planner_validation,2022,standard,6,0,legal_adp,1379.5,0.0
planner_validation,2022,standard,6,0,point_in_time_planner,1181.18,-198.32
planner_validation,2022,standard,6,0,hindsight_marginal_oracle,1816.82,437.32
planner_validation,2022,standard,6,1,legal_adp,1313.64,0.0
planner_validation,2022,standard,6,1,point_in_time_planner,1207.38,-106.26
planner_validation,2022,standard,6,1,hindsight_marginal_oracle,1811.32,497.68
planner_validation,2022,standard,6,2,legal_adp,1154.78,0.0
planner_validation,2022,standard,6,2,point_in_time_planner,1195.54,40.76
planner_validation,2022,standard,6,2,hindsight_marginal_oracle,1806.32,651.54
planner_validation,2022,standard,6,3,legal_adp,1200.28,0.0
planner_validation,2022,standard,6,3,point_in_time_planner,1248.28,48.0
planner_validation,2022,standard,6,3,hindsight_marginal_oracle,1816.82,616.54
planner_validation,2022,standard,6,4,legal_adp,1276.7,0.0
planner_validation,2022,standard,6,4,point_in_time_planner,1282.4,5.7
planner_validation,2022,standard,6,4,hindsight_marginal_oracle,1816.82,540.12
planner_validation,2022,standard,12,0,legal_adp,1084.78,0.0
planner_validation,2022,standard,12,0,point_in_time_planner,1079.72,-5.06
planner_validation,2022,standard,12,0,hindsight_marginal_oracle,1806.32,721.54
planner_validation,2022,standard,12,1,legal_adp,1142.18,0.0
planner_validation,2022,standard,12,1,point_in_time_planner,1126.84,-15.34
planner_validation,2022,standard,12,1,hindsight_marginal_oracle,1795.32,653.14
planner_validation,2022,standard,12,2,legal_adp,1117.48,0.0
planner_validation,2022,standard,12,2,point_in_time_planner,1350.48,233.0
planner_validation,2022,standard,12,2,hindsight_marginal_oracle,1793.52,676.04
planner_validation,2022,standard,12,3,legal_adp,1077.18,0.0
planner_validation,2022,standard,12,3,point_in_time_planner,1379.04,301.86
planner_validation,2022,standard,12,3,hindsight_marginal_oracle,1809.52,732.34
planner_validation,2022,standard,12,4,legal_adp,1047.48,0.0
planner_validation,2022,standard,12,4,point_in_time_planner,1000.72,-46.76
planner_validation,2022,standard,12,4,hindsight_marginal_oracle,1804.02,756.54
planner_validation,2022,ppr,1,0,legal_adp,1564.24,0.0
planner_validation,2022,ppr,1,0,point_in_time_planner,1393.82,-170.42
planner_validation,2022,ppr,1,0,hindsight_marginal_oracle,2413.52,849.28
planner_validation,2022,ppr,1,1,legal_adp,1709.82,0.0
planner_validation,2022,ppr,1,1,point_in_time_planner,1537.62,-172.2
planner_validation,2022,ppr,1,1,hindsight_marginal_oracle,2494.72,784.9
planner_validation,2022,ppr,1,2,legal_adp,1597.42,0.0
planner_validation,2022,ppr,1,2,point_in_time_planner,1677.22,79.8
planner_validation,2022,ppr,1,2,hindsight_marginal_oracle,2438.72,841.3
planner_validation,2022,ppr,1,3,legal_adp,1766.32,0.0
planner_validation,2022,ppr,1,3,point_in_time_planner,1766.32,0.0
planner_validation,2022,ppr,1,3,hindsight_marginal_oracle,2479.52,713.2
planner_validation,2022,ppr,1,4,legal_adp,1433.06,0.0
planner_validation,2022,ppr,1,4,point_in_time_planner,1327.64,-105.42
planner_validation,2022,ppr,1,4,hindsight_marginal_oracle,2424.92,991.86
planner_validation,2022,ppr,6,0,legal_adp,1669.42,0.0
planner_validation,2022,ppr,6,0,point_in_time_planner,1669.42,0.0
planner_validation,2022,ppr,6,0,hindsight_marginal_oracle,2484.72,815.3
planner_validation,2022,ppr,6,1,legal_adp,1831.14,0.0
planner_validation,2022,ppr,6,1,point_in_time_planner,1998.04,166.9
planner_validation,2022,ppr,6,1,hindsight_marginal_oracle,2494.72,663.58
planner_validation,2022,ppr,6,2,legal_adp,2078.34,0.0
planner_validation,2022,ppr,6,2,point_in_time_planner,2078.34,0.0
planner_validation,2022,ppr,6,2,hindsight_marginal_oracle,2484.72,406.38
planner_validation,2022,ppr,6,3,legal_adp,1667.18,0.0
planner_validation,2022,ppr,6,3,point_in_time_planner,1749.6,82.42
planner_validation,2022,ppr,6,3,hindsight_marginal_oracle,2484.72,817.54
planner_validation,2022,ppr,6,4,legal_adp,1781.28,0.0
planner_validation,2022,ppr,6,4,point_in_time_planner,1779.32,-1.96
planner_validation,2022,ppr,6,4,hindsight_marginal_oracle,2484.72,703.44
planner_validation,2022,ppr,12,0,legal_adp,1572.84,0.0
planner_validation,2022,ppr,12,0,point_in_time_planner,1557.04,-15.8
planner_validation,2022,ppr,12,0,hindsight_marginal_oracle,2484.72,911.88
planner_validation,2022,ppr,12,1,legal_adp,1711.38,0.0
planner_validation,2022,ppr,12,1,point_in_time_planner,1787.58,76.2
planner_validation,2022,ppr,12,1,hindsight_marginal_oracle,2396.32,684.94
planner_validation,2022,ppr,12,2,legal_adp,1787.38,0.0
planner_validation,2022,ppr,12,2,point_in_time_planner,1877.08,89.7
planner_validation,2022,ppr,12,2,hindsight_marginal_oracle,2401.52,614.14
planner_validation,2022,ppr,12,3,legal_adp,1456.22,0.0
planner_validation,2022,ppr,12,3,point_in_time_planner,1350.94,-105.28
planner_validation,2022,ppr,12,3,hindsight_marginal_oracle,2418.12,961.9
planner_validation,2022,ppr,12,4,legal_adp,1675.4,0.0
planner_validation,2022,ppr,12,4,point_in_time_planner,1706.18,30.78
planner_validation,2022,ppr,12,4,hindsight_marginal_oracle,2484.72,809.32
planner_validation,2022,half_ppr,1,0,legal_adp,1162.34,0.0
planner_validation,2022,half_ppr,1,0,point_in_time_planner,1162.34,0.0
planner_validation,2022,half_ppr,1,0,hindsight_marginal_oracle,2113.62,951.28
planner_validation,2022,half_ppr,1,1,legal_adp,1395.78,0.0
planner_validation,2022,half_ppr,1,1,point_in_time_planner,1395.78,0.0
planner_validation,2022,half_ppr,1,1,hindsight_marginal_oracle,2113.62,717.84
planner_validation,2022,half_ppr,1,2,legal_adp,1384.46,0.0
planner_validation,2022,half_ppr,1,2,point_in_time_planner,1384.46,0.0
planner_validation,2022,half_ppr,1,2,hindsight_marginal_oracle,2113.62,729.16
planner_validation,2022,half_ppr,1,3,legal_adp,1565.18,0.0
planner_validation,2022,half_ppr,1,3,point_in_time_planner,1565.18,0.0
planner_validation,2022,half_ppr,1,3,hindsight_marginal_oracle,2090.72,525.54
planner_validation,2022,half_ppr,1,4,legal_adp,1280.5,0.0
planner_validation,2022,half_ppr,1,4,point_in_time_planner,1280.5,0.0
planner_validation,2022,half_ppr,1,4,hindsight_marginal_oracle,2154.02,873.52
planner_validation,2022,half_ppr,6,0,legal_adp,1819.78,0.0
planner_validation,2022,half_ppr,6,0,point_in_time_planner,1819.78,0.0
planner_validation,2022,half_ppr,6,0,hindsight_marginal_oracle,2071.22,251.44
planner_validation,2022,half_ppr,6,1,legal_adp,1413.46,0.0
planner_validation,2022,half_ppr,6,1,point_in_time_planner,1666.28,252.82
planner_validation,2022,half_ppr,6,1,hindsight_marginal_oracle,2071.22,657.76
planner_validation,2022,half_ppr,6,2,legal_adp,1701.38,0.0
planner_validation,2022,half_ppr,6,2,point_in_time_planner,1701.38,0.0
planner_validation,2022,half_ppr,6,2,hindsight_marginal_oracle,2105.52,404.14
planner_validation,2022,half_ppr,6,3,legal_adp,985.96,0.0
planner_validation,2022,half_ppr,6,3,point_in_time_planner,1156.78,170.82
planner_validation,2022,half_ppr,6,3,hindsight_marginal_oracle,2015.12,1029.16
planner_validation,2022,half_ppr,6,4,legal_adp,1633.98,0.0
planner_validation,2022,half_ppr,6,4,point_in_time_planner,1633.98,0.0
planner_validation,2022,half_ppr,6,4,hindsight_marginal_oracle,2059.82,425.84
planner_validation,2022,half_ppr,12,0,legal_adp,1762.38,0.0
planner_validation,2022,half_ppr,12,0,point_in_time_planner,1745.38,-17.0
planner_validation,2022,half_ppr,12,0,hindsight_marginal_oracle,2041.02,278.64
planner_validation,2022,half_ppr,12,1,legal_adp,1363.22,0.0
planner_validation,2022,half_ppr,12,1,point_in_time_planner,1363.22,0.0
planner_validation,2022,half_ppr,12,1,hindsight_marginal_oracle,2049.12,685.9
planner_validation,2022,half_ppr,12,2,legal_adp,1524.24,0.0
planner_validation,2022,half_ppr,12,2,point_in_time_planner,1640.44,116.2
planner_validation,2022,half_ppr,12,2,hindsight_marginal_oracle,2033.42,509.18
planner_validation,2022,half_ppr,12,3,legal_adp,1560.22,0.0
planner_validation,2022,half_ppr,12,3,point_in_time_planner,1560.22,0.0
planner_validation,2022,half_ppr,12,3,hindsight_marginal_oracle,2008.12,447.9
planner_validation,2022,half_ppr,12,4,legal_adp,1362.58,0.0
planner_validation,2022,half_ppr,12,4,point_in_time_planner,1547.44,184.86
planner_validation,2022,half_ppr,12,4,hindsight_marginal_oracle,2025.32,662.74
